id,pred
S00001,"(tensor(15),)"
S00002,"(tensor(11),)"
S00003,"(tensor(4),)"
S00004,"(tensor(3),)"
S00005,"(tensor(3),)"
S00006,"(tensor(3),)"
S00007,"(tensor(3),)"
S00008,"(tensor(3),)"
S00009,"(tensor(3),)"
S00010,"(tensor(3),)"
S00011,"(tensor(3),)"
S00012,"(tensor(3),)"
S00013,"(tensor(3),)"
S00014,"(tensor(3),)"
S00015,"(tensor(3),)"
S00016,"(tensor(3),)"
S00017,"(tensor(3),)"
S00018,"(tensor(2),)"
S00019,"(tensor(2),)"
S00020,"(tensor(2),)"
S00021,"(tensor(15),)"
S00022,"(tensor(3),)"
S00023,"(tensor(3),)"
S00024,"(tensor(3),)"
S00025,"(tensor(3),)"
S00026,"(tensor(3),)"
S00027,"(tensor(3),)"
S00028,"(tensor(3),)"
S00029,"(tensor(2),)"
S00030,"(tensor(2),)"
S00031,"(tensor(2),)"
S00032,"(tensor(2),)"
S00033,"(tensor(2),)"
S00034,"(tensor(2),)"
S00035,"(tensor(2),)"
S00036,"(tensor(2),)"
S00037,"(tensor(2),)"
S00038,"(tensor(2),)"
S00039,"(tensor(2),)"
S00040,"(tensor(2),)"
S00041,"(tensor(15),)"
S00042,"(tensor(11),)"
S00043,"(tensor(4),)"
S00044,"(tensor(3),)"
S00045,"(tensor(3),)"
S00046,"(tensor(3),)"
S00047,"(tensor(3),)"
S00048,"(tensor(3),)"
S00049,"(tensor(3),)"
S00050,"(tensor(3),)"
S00051,"(tensor(3),)"
S00052,"(tensor(3),)"
S00053,"(tensor(3),)"
S00054,"(tensor(3),)"
S00055,"(tensor(3),)"
S00056,"(tensor(3),)"
S00057,"(tensor(3),)"
S00058,"(tensor(2),)"
S00059,"(tensor(2),)"
S00060,"(tensor(2),)"
S00061,"(tensor(15),)"
S00062,"(tensor(3),)"
S00063,"(tensor(3),)"
S00064,"(tensor(3),)"
S00065,"(tensor(3),)"
S00066,"(tensor(3),)"
S00067,"(tensor(3),)"
S00068,"(tensor(3),)"
S00069,"(tensor(3),)"
S00070,"(tensor(2),)"
S00071,"(tensor(2),)"
S00072,"(tensor(2),)"
S00073,"(tensor(2),)"
S00074,"(tensor(2),)"
S00075,"(tensor(2),)"
S00076,"(tensor(2),)"
S00077,"(tensor(2),)"
S00078,"(tensor(2),)"
S00079,"(tensor(2),)"
S00080,"(tensor(2),)"
S00081,"(tensor(15),)"
S00082,"(tensor(3),)"
S00083,"(tensor(3),)"
S00084,"(tensor(3),)"
S00085,"(tensor(3),)"
S00086,"(tensor(3),)"
S00087,"(tensor(3),)"
S00088,"(tensor(3),)"
S00089,"(tensor(3),)"
S00090,"(tensor(2),)"
S00091,"(tensor(2),)"
S00092,"(tensor(2),)"
S00093,"(tensor(2),)"
S00094,"(tensor(2),)"
S00095,"(tensor(2),)"
S00096,"(tensor(2),)"
S00097,"(tensor(2),)"
S00098,"(tensor(2),)"
S00099,"(tensor(2),)"
S00100,"(tensor(2),)"
S00101,"(tensor(15),)"
S00102,"(tensor(3),)"
S00103,"(tensor(3),)"
S00104,"(tensor(3),)"
S00105,"(tensor(3),)"
S00106,"(tensor(3),)"
S00107,"(tensor(3),)"
S00108,"(tensor(3),)"
S00109,"(tensor(3),)"
S00110,"(tensor(2),)"
S00111,"(tensor(2),)"
S00112,"(tensor(2),)"
S00113,"(tensor(2),)"
S00114,"(tensor(2),)"
S00115,"(tensor(2),)"
S00116,"(tensor(2),)"
S00117,"(tensor(2),)"
S00118,"(tensor(2),)"
S00119,"(tensor(2),)"
S00120,"(tensor(2),)"
S00121,"(tensor(15),)"
S00122,"(tensor(3),)"
S00123,"(tensor(3),)"
S00124,"(tensor(3),)"
S00125,"(tensor(3),)"
S00126,"(tensor(3),)"
S00127,"(tensor(3),)"
S00128,"(tensor(3),)"
S00129,"(tensor(3),)"
S00130,"(tensor(2),)"
S00131,"(tensor(2),)"
S00132,"(tensor(2),)"
S00133,"(tensor(2),)"
S00134,"(tensor(2),)"
S00135,"(tensor(2),)"
S00136,"(tensor(2),)"
S00137,"(tensor(2),)"
S00138,"(tensor(2),)"
S00139,"(tensor(2),)"
S00140,"(tensor(2),)"
S00141,"(tensor(15),)"
S00142,"(tensor(11),)"
S00143,"(tensor(4),)"
S00144,"(tensor(3),)"
S00145,"(tensor(3),)"
S00146,"(tensor(3),)"
S00147,"(tensor(3),)"
S00148,"(tensor(3),)"
S00149,"(tensor(3),)"
S00150,"(tensor(3),)"
S00151,"(tensor(3),)"
S00152,"(tensor(3),)"
S00153,"(tensor(3),)"
S00154,"(tensor(3),)"
S00155,"(tensor(3),)"
S00156,"(tensor(3),)"
S00157,"(tensor(2),)"
S00158,"(tensor(2),)"
S00159,"(tensor(2),)"
S00160,"(tensor(2),)"
S00161,"(tensor(15),)"
S00162,"(tensor(3),)"
S00163,"(tensor(3),)"
S00164,"(tensor(3),)"
S00165,"(tensor(3),)"
S00166,"(tensor(3),)"
S00167,"(tensor(3),)"
S00168,"(tensor(3),)"
S00169,"(tensor(2),)"
S00170,"(tensor(2),)"
S00171,"(tensor(2),)"
S00172,"(tensor(2),)"
S00173,"(tensor(2),)"
S00174,"(tensor(2),)"
S00175,"(tensor(2),)"
S00176,"(tensor(2),)"
S00177,"(tensor(2),)"
S00178,"(tensor(2),)"
S00179,"(tensor(2),)"
S00180,"(tensor(2),)"
S00181,"(tensor(15),)"
S00182,"(tensor(3),)"
S00183,"(tensor(3),)"
S00184,"(tensor(3),)"
S00185,"(tensor(3),)"
S00186,"(tensor(3),)"
S00187,"(tensor(3),)"
S00188,"(tensor(3),)"
S00189,"(tensor(3),)"
S00190,"(tensor(2),)"
S00191,"(tensor(2),)"
S00192,"(tensor(2),)"
S00193,"(tensor(2),)"
S00194,"(tensor(2),)"
S00195,"(tensor(2),)"
S00196,"(tensor(2),)"
S00197,"(tensor(2),)"
S00198,"(tensor(2),)"
S00199,"(tensor(2),)"
S00200,"(tensor(2),)"
S00201,"(tensor(15),)"
S00202,"(tensor(3),)"
S00203,"(tensor(3),)"
S00204,"(tensor(3),)"
S00205,"(tensor(3),)"
S00206,"(tensor(3),)"
S00207,"(tensor(3),)"
S00208,"(tensor(3),)"
S00209,"(tensor(3),)"
S00210,"(tensor(2),)"
S00211,"(tensor(2),)"
S00212,"(tensor(2),)"
S00213,"(tensor(2),)"
S00214,"(tensor(2),)"
S00215,"(tensor(2),)"
S00216,"(tensor(2),)"
S00217,"(tensor(2),)"
S00218,"(tensor(2),)"
S00219,"(tensor(2),)"
S00220,"(tensor(2),)"
S00221,"(tensor(15),)"
S00222,"(tensor(3),)"
S00223,"(tensor(3),)"
S00224,"(tensor(3),)"
S00225,"(tensor(3),)"
S00226,"(tensor(3),)"
S00227,"(tensor(3),)"
S00228,"(tensor(3),)"
S00229,"(tensor(3),)"
S00230,"(tensor(2),)"
S00231,"(tensor(2),)"
S00232,"(tensor(2),)"
S00233,"(tensor(2),)"
S00234,"(tensor(2),)"
S00235,"(tensor(2),)"
S00236,"(tensor(2),)"
S00237,"(tensor(2),)"
S00238,"(tensor(2),)"
S00239,"(tensor(2),)"
S00240,"(tensor(2),)"
S00241,"(tensor(15),)"
S00242,"(tensor(3),)"
S00243,"(tensor(3),)"
S00244,"(tensor(3),)"
S00245,"(tensor(3),)"
S00246,"(tensor(3),)"
S00247,"(tensor(3),)"
S00248,"(tensor(3),)"
S00249,"(tensor(3),)"
S00250,"(tensor(2),)"
S00251,"(tensor(2),)"
S00252,"(tensor(2),)"
S00253,"(tensor(2),)"
S00254,"(tensor(2),)"
S00255,"(tensor(2),)"
S00256,"(tensor(2),)"
S00257,"(tensor(2),)"
S00258,"(tensor(2),)"
S00259,"(tensor(2),)"
S00260,"(tensor(2),)"
S00261,"(tensor(15),)"
S00262,"(tensor(3),)"
S00263,"(tensor(3),)"
S00264,"(tensor(3),)"
S00265,"(tensor(3),)"
S00266,"(tensor(3),)"
S00267,"(tensor(3),)"
S00268,"(tensor(3),)"
S00269,"(tensor(2),)"
S00270,"(tensor(2),)"
S00271,"(tensor(2),)"
S00272,"(tensor(2),)"
S00273,"(tensor(2),)"
S00274,"(tensor(2),)"
S00275,"(tensor(2),)"
S00276,"(tensor(2),)"
S00277,"(tensor(2),)"
S00278,"(tensor(2),)"
S00279,"(tensor(2),)"
S00280,"(tensor(2),)"
S00281,"(tensor(15),)"
S00282,"(tensor(3),)"
S00283,"(tensor(3),)"
S00284,"(tensor(3),)"
S00285,"(tensor(3),)"
S00286,"(tensor(3),)"
S00287,"(tensor(3),)"
S00288,"(tensor(3),)"
S00289,"(tensor(2),)"
S00290,"(tensor(2),)"
S00291,"(tensor(2),)"
S00292,"(tensor(2),)"
S00293,"(tensor(2),)"
S00294,"(tensor(2),)"
S00295,"(tensor(2),)"
S00296,"(tensor(2),)"
S00297,"(tensor(2),)"
S00298,"(tensor(2),)"
S00299,"(tensor(2),)"
S00300,"(tensor(2),)"
S00301,"(tensor(15),)"
S00302,"(tensor(3),)"
S00303,"(tensor(3),)"
S00304,"(tensor(3),)"
S00305,"(tensor(3),)"
S00306,"(tensor(3),)"
S00307,"(tensor(3),)"
S00308,"(tensor(3),)"
S00309,"(tensor(3),)"
S00310,"(tensor(2),)"
S00311,"(tensor(2),)"
S00312,"(tensor(2),)"
S00313,"(tensor(2),)"
S00314,"(tensor(2),)"
S00315,"(tensor(2),)"
S00316,"(tensor(2),)"
S00317,"(tensor(2),)"
S00318,"(tensor(2),)"
S00319,"(tensor(2),)"
S00320,"(tensor(2),)"
S00321,"(tensor(15),)"
S00322,"(tensor(3),)"
S00323,"(tensor(3),)"
S00324,"(tensor(3),)"
S00325,"(tensor(3),)"
S00326,"(tensor(3),)"
S00327,"(tensor(3),)"
S00328,"(tensor(3),)"
S00329,"(tensor(3),)"
S00330,"(tensor(2),)"
S00331,"(tensor(2),)"
S00332,"(tensor(2),)"
S00333,"(tensor(2),)"
S00334,"(tensor(2),)"
S00335,"(tensor(2),)"
S00336,"(tensor(2),)"
S00337,"(tensor(2),)"
S00338,"(tensor(2),)"
S00339,"(tensor(2),)"
S00340,"(tensor(2),)"
S00341,"(tensor(15),)"
S00342,"(tensor(3),)"
S00343,"(tensor(3),)"
S00344,"(tensor(3),)"
S00345,"(tensor(3),)"
S00346,"(tensor(3),)"
S00347,"(tensor(3),)"
S00348,"(tensor(3),)"
S00349,"(tensor(3),)"
S00350,"(tensor(2),)"
S00351,"(tensor(2),)"
S00352,"(tensor(2),)"
S00353,"(tensor(2),)"
S00354,"(tensor(2),)"
S00355,"(tensor(2),)"
S00356,"(tensor(2),)"
S00357,"(tensor(2),)"
S00358,"(tensor(2),)"
S00359,"(tensor(2),)"
S00360,"(tensor(2),)"
S00361,"(tensor(15),)"
S00362,"(tensor(3),)"
S00363,"(tensor(3),)"
S00364,"(tensor(3),)"
S00365,"(tensor(3),)"
S00366,"(tensor(3),)"
S00367,"(tensor(3),)"
S00368,"(tensor(3),)"
S00369,"(tensor(3),)"
S00370,"(tensor(2),)"
S00371,"(tensor(2),)"
S00372,"(tensor(2),)"
S00373,"(tensor(2),)"
S00374,"(tensor(2),)"
S00375,"(tensor(2),)"
S00376,"(tensor(2),)"
S00377,"(tensor(2),)"
S00378,"(tensor(2),)"
S00379,"(tensor(2),)"
S00380,"(tensor(2),)"
S00381,"(tensor(15),)"
S00382,"(tensor(11),)"
S00383,"(tensor(4),)"
S00384,"(tensor(3),)"
S00385,"(tensor(3),)"
S00386,"(tensor(3),)"
S00387,"(tensor(3),)"
S00388,"(tensor(3),)"
S00389,"(tensor(3),)"
S00390,"(tensor(3),)"
S00391,"(tensor(3),)"
S00392,"(tensor(3),)"
S00393,"(tensor(3),)"
S00394,"(tensor(3),)"
S00395,"(tensor(3),)"
S00396,"(tensor(3),)"
S00397,"(tensor(2),)"
S00398,"(tensor(2),)"
S00399,"(tensor(2),)"
S00400,"(tensor(2),)"
S00401,"(tensor(15),)"
S00402,"(tensor(3),)"
S00403,"(tensor(3),)"
S00404,"(tensor(3),)"
S00405,"(tensor(3),)"
S00406,"(tensor(3),)"
S00407,"(tensor(3),)"
S00408,"(tensor(3),)"
S00409,"(tensor(3),)"
S00410,"(tensor(2),)"
S00411,"(tensor(2),)"
S00412,"(tensor(2),)"
S00413,"(tensor(2),)"
S00414,"(tensor(2),)"
S00415,"(tensor(2),)"
S00416,"(tensor(2),)"
S00417,"(tensor(2),)"
S00418,"(tensor(2),)"
S00419,"(tensor(2),)"
S00420,"(tensor(2),)"
S00421,"(tensor(15),)"
S00422,"(tensor(3),)"
S00423,"(tensor(3),)"
S00424,"(tensor(3),)"
S00425,"(tensor(3),)"
S00426,"(tensor(3),)"
S00427,"(tensor(3),)"
S00428,"(tensor(3),)"
S00429,"(tensor(3),)"
S00430,"(tensor(2),)"
S00431,"(tensor(2),)"
S00432,"(tensor(2),)"
S00433,"(tensor(2),)"
S00434,"(tensor(2),)"
S00435,"(tensor(2),)"
S00436,"(tensor(2),)"
S00437,"(tensor(2),)"
S00438,"(tensor(2),)"
S00439,"(tensor(2),)"
S00440,"(tensor(2),)"
S00441,"(tensor(15),)"
S00442,"(tensor(11),)"
S00443,"(tensor(4),)"
S00444,"(tensor(3),)"
S00445,"(tensor(3),)"
S00446,"(tensor(3),)"
S00447,"(tensor(3),)"
S00448,"(tensor(3),)"
S00449,"(tensor(3),)"
S00450,"(tensor(3),)"
S00451,"(tensor(3),)"
S00452,"(tensor(3),)"
S00453,"(tensor(3),)"
S00454,"(tensor(3),)"
S00455,"(tensor(3),)"
S00456,"(tensor(3),)"
S00457,"(tensor(3),)"
S00458,"(tensor(2),)"
S00459,"(tensor(2),)"
S00460,"(tensor(2),)"
S00461,"(tensor(15),)"
S00462,"(tensor(3),)"
S00463,"(tensor(3),)"
S00464,"(tensor(3),)"
S00465,"(tensor(3),)"
S00466,"(tensor(3),)"
S00467,"(tensor(3),)"
S00468,"(tensor(3),)"
S00469,"(tensor(3),)"
S00470,"(tensor(2),)"
S00471,"(tensor(2),)"
S00472,"(tensor(2),)"
S00473,"(tensor(2),)"
S00474,"(tensor(2),)"
S00475,"(tensor(2),)"
S00476,"(tensor(2),)"
S00477,"(tensor(2),)"
S00478,"(tensor(2),)"
S00479,"(tensor(2),)"
S00480,"(tensor(2),)"
S00481,"(tensor(15),)"
S00482,"(tensor(3),)"
S00483,"(tensor(3),)"
S00484,"(tensor(3),)"
S00485,"(tensor(3),)"
S00486,"(tensor(3),)"
S00487,"(tensor(3),)"
S00488,"(tensor(3),)"
S00489,"(tensor(3),)"
S00490,"(tensor(2),)"
S00491,"(tensor(2),)"
S00492,"(tensor(2),)"
S00493,"(tensor(2),)"
S00494,"(tensor(2),)"
S00495,"(tensor(2),)"
S00496,"(tensor(2),)"
S00497,"(tensor(2),)"
S00498,"(tensor(2),)"
S00499,"(tensor(2),)"
S00500,"(tensor(2),)"
S00501,"(tensor(15),)"
S00502,"(tensor(3),)"
S00503,"(tensor(3),)"
S00504,"(tensor(3),)"
S00505,"(tensor(3),)"
S00506,"(tensor(3),)"
S00507,"(tensor(3),)"
S00508,"(tensor(3),)"
S00509,"(tensor(3),)"
S00510,"(tensor(2),)"
S00511,"(tensor(2),)"
S00512,"(tensor(2),)"
S00513,"(tensor(2),)"
S00514,"(tensor(2),)"
S00515,"(tensor(2),)"
S00516,"(tensor(2),)"
S00517,"(tensor(2),)"
S00518,"(tensor(2),)"
S00519,"(tensor(2),)"
S00520,"(tensor(2),)"
S00521,"(tensor(15),)"
S00522,"(tensor(3),)"
S00523,"(tensor(3),)"
S00524,"(tensor(3),)"
S00525,"(tensor(3),)"
S00526,"(tensor(3),)"
S00527,"(tensor(3),)"
S00528,"(tensor(3),)"
S00529,"(tensor(3),)"
S00530,"(tensor(2),)"
S00531,"(tensor(2),)"
S00532,"(tensor(2),)"
S00533,"(tensor(2),)"
S00534,"(tensor(2),)"
S00535,"(tensor(2),)"
S00536,"(tensor(2),)"
S00537,"(tensor(2),)"
S00538,"(tensor(2),)"
S00539,"(tensor(2),)"
S00540,"(tensor(2),)"
S00541,"(tensor(15),)"
S00542,"(tensor(3),)"
S00543,"(tensor(3),)"
S00544,"(tensor(3),)"
S00545,"(tensor(3),)"
S00546,"(tensor(3),)"
S00547,"(tensor(3),)"
S00548,"(tensor(3),)"
S00549,"(tensor(3),)"
S00550,"(tensor(2),)"
S00551,"(tensor(2),)"
S00552,"(tensor(2),)"
S00553,"(tensor(2),)"
S00554,"(tensor(2),)"
S00555,"(tensor(2),)"
S00556,"(tensor(2),)"
S00557,"(tensor(2),)"
S00558,"(tensor(2),)"
S00559,"(tensor(2),)"
S00560,"(tensor(2),)"
S00561,"(tensor(15),)"
S00562,"(tensor(3),)"
S00563,"(tensor(3),)"
S00564,"(tensor(3),)"
S00565,"(tensor(3),)"
S00566,"(tensor(3),)"
S00567,"(tensor(3),)"
S00568,"(tensor(3),)"
S00569,"(tensor(3),)"
S00570,"(tensor(2),)"
S00571,"(tensor(2),)"
S00572,"(tensor(2),)"
S00573,"(tensor(2),)"
S00574,"(tensor(2),)"
S00575,"(tensor(2),)"
S00576,"(tensor(2),)"
S00577,"(tensor(2),)"
S00578,"(tensor(2),)"
S00579,"(tensor(2),)"
S00580,"(tensor(2),)"
S00581,"(tensor(15),)"
S00582,"(tensor(3),)"
S00583,"(tensor(3),)"
S00584,"(tensor(3),)"
S00585,"(tensor(3),)"
S00586,"(tensor(3),)"
S00587,"(tensor(3),)"
S00588,"(tensor(3),)"
S00589,"(tensor(3),)"
S00590,"(tensor(2),)"
S00591,"(tensor(2),)"
S00592,"(tensor(2),)"
S00593,"(tensor(2),)"
S00594,"(tensor(2),)"
S00595,"(tensor(2),)"
S00596,"(tensor(2),)"
S00597,"(tensor(2),)"
S00598,"(tensor(2),)"
S00599,"(tensor(2),)"
S00600,"(tensor(2),)"
S00601,"(tensor(15),)"
S00602,"(tensor(3),)"
S00603,"(tensor(3),)"
S00604,"(tensor(3),)"
S00605,"(tensor(3),)"
S00606,"(tensor(3),)"
S00607,"(tensor(3),)"
S00608,"(tensor(3),)"
S00609,"(tensor(3),)"
S00610,"(tensor(2),)"
S00611,"(tensor(2),)"
S00612,"(tensor(2),)"
S00613,"(tensor(2),)"
S00614,"(tensor(2),)"
S00615,"(tensor(2),)"
S00616,"(tensor(2),)"
S00617,"(tensor(2),)"
S00618,"(tensor(2),)"
S00619,"(tensor(2),)"
S00620,"(tensor(2),)"
S00621,"(tensor(15),)"
S00622,"(tensor(3),)"
S00623,"(tensor(3),)"
S00624,"(tensor(3),)"
S00625,"(tensor(3),)"
S00626,"(tensor(3),)"
S00627,"(tensor(3),)"
S00628,"(tensor(3),)"
S00629,"(tensor(3),)"
S00630,"(tensor(2),)"
S00631,"(tensor(2),)"
S00632,"(tensor(2),)"
S00633,"(tensor(2),)"
S00634,"(tensor(2),)"
S00635,"(tensor(2),)"
S00636,"(tensor(2),)"
S00637,"(tensor(2),)"
S00638,"(tensor(2),)"
S00639,"(tensor(2),)"
S00640,"(tensor(2),)"
S00641,"(tensor(15),)"
S00642,"(tensor(3),)"
S00643,"(tensor(3),)"
S00644,"(tensor(3),)"
S00645,"(tensor(3),)"
S00646,"(tensor(3),)"
S00647,"(tensor(3),)"
S00648,"(tensor(3),)"
S00649,"(tensor(3),)"
S00650,"(tensor(2),)"
S00651,"(tensor(2),)"
S00652,"(tensor(2),)"
S00653,"(tensor(2),)"
S00654,"(tensor(2),)"
S00655,"(tensor(2),)"
S00656,"(tensor(2),)"
S00657,"(tensor(2),)"
S00658,"(tensor(2),)"
S00659,"(tensor(2),)"
S00660,"(tensor(2),)"
S00661,"(tensor(15),)"
S00662,"(tensor(3),)"
S00663,"(tensor(3),)"
S00664,"(tensor(3),)"
S00665,"(tensor(3),)"
S00666,"(tensor(3),)"
S00667,"(tensor(3),)"
S00668,"(tensor(3),)"
S00669,"(tensor(3),)"
S00670,"(tensor(2),)"
S00671,"(tensor(2),)"
S00672,"(tensor(2),)"
S00673,"(tensor(2),)"
S00674,"(tensor(2),)"
S00675,"(tensor(2),)"
S00676,"(tensor(2),)"
S00677,"(tensor(2),)"
S00678,"(tensor(2),)"
S00679,"(tensor(2),)"
S00680,"(tensor(2),)"
S00681,"(tensor(15),)"
S00682,"(tensor(3),)"
S00683,"(tensor(3),)"
S00684,"(tensor(3),)"
S00685,"(tensor(3),)"
S00686,"(tensor(3),)"
S00687,"(tensor(3),)"
S00688,"(tensor(3),)"
S00689,"(tensor(3),)"
S00690,"(tensor(2),)"
S00691,"(tensor(2),)"
S00692,"(tensor(2),)"
S00693,"(tensor(2),)"
S00694,"(tensor(2),)"
S00695,"(tensor(2),)"
S00696,"(tensor(2),)"
S00697,"(tensor(2),)"
S00698,"(tensor(2),)"
S00699,"(tensor(2),)"
S00700,"(tensor(2),)"
S00701,"(tensor(15),)"
S00702,"(tensor(11),)"
S00703,"(tensor(4),)"
S00704,"(tensor(3),)"
S00705,"(tensor(3),)"
S00706,"(tensor(3),)"
S00707,"(tensor(3),)"
S00708,"(tensor(3),)"
S00709,"(tensor(3),)"
S00710,"(tensor(3),)"
S00711,"(tensor(3),)"
S00712,"(tensor(3),)"
S00713,"(tensor(3),)"
S00714,"(tensor(3),)"
S00715,"(tensor(3),)"
S00716,"(tensor(3),)"
S00717,"(tensor(3),)"
S00718,"(tensor(2),)"
S00719,"(tensor(2),)"
S00720,"(tensor(2),)"
S00721,"(tensor(15),)"
S00722,"(tensor(3),)"
S00723,"(tensor(3),)"
S00724,"(tensor(3),)"
S00725,"(tensor(3),)"
S00726,"(tensor(3),)"
S00727,"(tensor(3),)"
S00728,"(tensor(3),)"
S00729,"(tensor(3),)"
S00730,"(tensor(2),)"
S00731,"(tensor(2),)"
S00732,"(tensor(2),)"
S00733,"(tensor(2),)"
S00734,"(tensor(2),)"
S00735,"(tensor(2),)"
S00736,"(tensor(2),)"
S00737,"(tensor(2),)"
S00738,"(tensor(2),)"
S00739,"(tensor(2),)"
S00740,"(tensor(2),)"
S00741,"(tensor(15),)"
S00742,"(tensor(3),)"
S00743,"(tensor(3),)"
S00744,"(tensor(3),)"
S00745,"(tensor(3),)"
S00746,"(tensor(3),)"
S00747,"(tensor(3),)"
S00748,"(tensor(3),)"
S00749,"(tensor(3),)"
S00750,"(tensor(2),)"
S00751,"(tensor(2),)"
S00752,"(tensor(2),)"
S00753,"(tensor(2),)"
S00754,"(tensor(2),)"
S00755,"(tensor(2),)"
S00756,"(tensor(2),)"
S00757,"(tensor(2),)"
S00758,"(tensor(2),)"
S00759,"(tensor(2),)"
S00760,"(tensor(2),)"
S00761,"(tensor(15),)"
S00762,"(tensor(3),)"
S00763,"(tensor(3),)"
S00764,"(tensor(3),)"
S00765,"(tensor(3),)"
S00766,"(tensor(3),)"
S00767,"(tensor(3),)"
S00768,"(tensor(3),)"
S00769,"(tensor(2),)"
S00770,"(tensor(2),)"
S00771,"(tensor(2),)"
S00772,"(tensor(2),)"
S00773,"(tensor(2),)"
S00774,"(tensor(2),)"
S00775,"(tensor(2),)"
S00776,"(tensor(2),)"
S00777,"(tensor(2),)"
S00778,"(tensor(2),)"
S00779,"(tensor(2),)"
S00780,"(tensor(2),)"
S00781,"(tensor(15),)"
S00782,"(tensor(3),)"
S00783,"(tensor(3),)"
S00784,"(tensor(3),)"
S00785,"(tensor(3),)"
S00786,"(tensor(3),)"
S00787,"(tensor(3),)"
S00788,"(tensor(3),)"
S00789,"(tensor(2),)"
S00790,"(tensor(2),)"
S00791,"(tensor(2),)"
S00792,"(tensor(2),)"
S00793,"(tensor(2),)"
S00794,"(tensor(2),)"
S00795,"(tensor(2),)"
S00796,"(tensor(2),)"
S00797,"(tensor(2),)"
S00798,"(tensor(2),)"
S00799,"(tensor(2),)"
S00800,"(tensor(2),)"
S00801,"(tensor(15),)"
S00802,"(tensor(3),)"
S00803,"(tensor(3),)"
S00804,"(tensor(3),)"
S00805,"(tensor(3),)"
S00806,"(tensor(3),)"
S00807,"(tensor(3),)"
S00808,"(tensor(3),)"
S00809,"(tensor(2),)"
S00810,"(tensor(2),)"
S00811,"(tensor(2),)"
S00812,"(tensor(2),)"
S00813,"(tensor(2),)"
S00814,"(tensor(2),)"
S00815,"(tensor(2),)"
S00816,"(tensor(2),)"
S00817,"(tensor(2),)"
S00818,"(tensor(2),)"
S00819,"(tensor(2),)"
S00820,"(tensor(2),)"
S00821,"(tensor(15),)"
S00822,"(tensor(3),)"
S00823,"(tensor(3),)"
S00824,"(tensor(3),)"
S00825,"(tensor(3),)"
S00826,"(tensor(3),)"
S00827,"(tensor(3),)"
S00828,"(tensor(3),)"
S00829,"(tensor(3),)"
S00830,"(tensor(2),)"
S00831,"(tensor(2),)"
S00832,"(tensor(2),)"
S00833,"(tensor(2),)"
S00834,"(tensor(2),)"
S00835,"(tensor(2),)"
S00836,"(tensor(2),)"
S00837,"(tensor(2),)"
S00838,"(tensor(2),)"
S00839,"(tensor(2),)"
S00840,"(tensor(2),)"
S00841,"(tensor(15),)"
S00842,"(tensor(3),)"
S00843,"(tensor(3),)"
S00844,"(tensor(3),)"
S00845,"(tensor(3),)"
S00846,"(tensor(3),)"
S00847,"(tensor(3),)"
S00848,"(tensor(3),)"
S00849,"(tensor(3),)"
S00850,"(tensor(2),)"
S00851,"(tensor(2),)"
S00852,"(tensor(2),)"
S00853,"(tensor(2),)"
S00854,"(tensor(2),)"
S00855,"(tensor(2),)"
S00856,"(tensor(2),)"
S00857,"(tensor(2),)"
S00858,"(tensor(2),)"
S00859,"(tensor(2),)"
S00860,"(tensor(2),)"
S00861,"(tensor(15),)"
S00862,"(tensor(3),)"
S00863,"(tensor(3),)"
S00864,"(tensor(3),)"
S00865,"(tensor(3),)"
S00866,"(tensor(3),)"
S00867,"(tensor(3),)"
S00868,"(tensor(3),)"
S00869,"(tensor(3),)"
S00870,"(tensor(2),)"
S00871,"(tensor(2),)"
S00872,"(tensor(2),)"
S00873,"(tensor(2),)"
S00874,"(tensor(2),)"
S00875,"(tensor(2),)"
S00876,"(tensor(2),)"
S00877,"(tensor(2),)"
S00878,"(tensor(2),)"
S00879,"(tensor(2),)"
S00880,"(tensor(2),)"
S00881,"(tensor(15),)"
S00882,"(tensor(3),)"
S00883,"(tensor(3),)"
S00884,"(tensor(3),)"
S00885,"(tensor(3),)"
S00886,"(tensor(3),)"
S00887,"(tensor(3),)"
S00888,"(tensor(3),)"
S00889,"(tensor(3),)"
S00890,"(tensor(2),)"
S00891,"(tensor(2),)"
S00892,"(tensor(2),)"
S00893,"(tensor(2),)"
S00894,"(tensor(2),)"
S00895,"(tensor(2),)"
S00896,"(tensor(2),)"
S00897,"(tensor(2),)"
S00898,"(tensor(2),)"
S00899,"(tensor(2),)"
S00900,"(tensor(2),)"
S00901,"(tensor(15),)"
S00902,"(tensor(3),)"
S00903,"(tensor(3),)"
S00904,"(tensor(3),)"
S00905,"(tensor(3),)"
S00906,"(tensor(3),)"
S00907,"(tensor(3),)"
S00908,"(tensor(3),)"
S00909,"(tensor(3),)"
S00910,"(tensor(2),)"
S00911,"(tensor(2),)"
S00912,"(tensor(2),)"
S00913,"(tensor(2),)"
S00914,"(tensor(2),)"
S00915,"(tensor(2),)"
S00916,"(tensor(2),)"
S00917,"(tensor(2),)"
S00918,"(tensor(2),)"
S00919,"(tensor(2),)"
S00920,"(tensor(2),)"
S00921,"(tensor(15),)"
S00922,"(tensor(3),)"
S00923,"(tensor(3),)"
S00924,"(tensor(3),)"
S00925,"(tensor(3),)"
S00926,"(tensor(3),)"
S00927,"(tensor(3),)"
S00928,"(tensor(3),)"
S00929,"(tensor(3),)"
S00930,"(tensor(2),)"
S00931,"(tensor(2),)"
S00932,"(tensor(2),)"
S00933,"(tensor(2),)"
S00934,"(tensor(2),)"
S00935,"(tensor(2),)"
S00936,"(tensor(2),)"
S00937,"(tensor(2),)"
S00938,"(tensor(2),)"
S00939,"(tensor(2),)"
S00940,"(tensor(2),)"
S00941,"(tensor(15),)"
S00942,"(tensor(3),)"
S00943,"(tensor(3),)"
S00944,"(tensor(3),)"
S00945,"(tensor(3),)"
S00946,"(tensor(3),)"
S00947,"(tensor(3),)"
S00948,"(tensor(3),)"
S00949,"(tensor(3),)"
S00950,"(tensor(2),)"
S00951,"(tensor(2),)"
S00952,"(tensor(2),)"
S00953,"(tensor(2),)"
S00954,"(tensor(2),)"
S00955,"(tensor(2),)"
S00956,"(tensor(2),)"
S00957,"(tensor(2),)"
S00958,"(tensor(2),)"
S00959,"(tensor(2),)"
S00960,"(tensor(2),)"
S00961,"(tensor(15),)"
S00962,"(tensor(3),)"
S00963,"(tensor(3),)"
S00964,"(tensor(3),)"
S00965,"(tensor(3),)"
S00966,"(tensor(3),)"
S00967,"(tensor(3),)"
S00968,"(tensor(3),)"
S00969,"(tensor(3),)"
S00970,"(tensor(2),)"
S00971,"(tensor(2),)"
S00972,"(tensor(2),)"
S00973,"(tensor(2),)"
S00974,"(tensor(2),)"
S00975,"(tensor(2),)"
S00976,"(tensor(2),)"
S00977,"(tensor(2),)"
S00978,"(tensor(2),)"
S00979,"(tensor(2),)"
S00980,"(tensor(2),)"
S00981,"(tensor(15),)"
S00982,"(tensor(3),)"
S00983,"(tensor(3),)"
S00984,"(tensor(3),)"
S00985,"(tensor(3),)"
S00986,"(tensor(3),)"
S00987,"(tensor(3),)"
S00988,"(tensor(3),)"
S00989,"(tensor(3),)"
S00990,"(tensor(2),)"
S00991,"(tensor(2),)"
S00992,"(tensor(2),)"
S00993,"(tensor(2),)"
S00994,"(tensor(2),)"
S00995,"(tensor(2),)"
S00996,"(tensor(2),)"
S00997,"(tensor(2),)"
S00998,"(tensor(2),)"
S00999,"(tensor(2),)"
S01000,"(tensor(2),)"
S01001,"(tensor(15),)"
S01002,"(tensor(3),)"
S01003,"(tensor(3),)"
S01004,"(tensor(3),)"
S01005,"(tensor(3),)"
S01006,"(tensor(3),)"
S01007,"(tensor(3),)"
S01008,"(tensor(3),)"
S01009,"(tensor(3),)"
S01010,"(tensor(2),)"
S01011,"(tensor(2),)"
S01012,"(tensor(2),)"
S01013,"(tensor(2),)"
S01014,"(tensor(2),)"
S01015,"(tensor(2),)"
S01016,"(tensor(2),)"
S01017,"(tensor(2),)"
S01018,"(tensor(2),)"
S01019,"(tensor(2),)"
S01020,"(tensor(2),)"
S01021,"(tensor(15),)"
S01022,"(tensor(3),)"
S01023,"(tensor(3),)"
S01024,"(tensor(3),)"
S01025,"(tensor(3),)"
S01026,"(tensor(3),)"
S01027,"(tensor(3),)"
S01028,"(tensor(3),)"
S01029,"(tensor(2),)"
S01030,"(tensor(2),)"
S01031,"(tensor(2),)"
S01032,"(tensor(2),)"
S01033,"(tensor(2),)"
S01034,"(tensor(2),)"
S01035,"(tensor(2),)"
S01036,"(tensor(2),)"
S01037,"(tensor(2),)"
S01038,"(tensor(2),)"
S01039,"(tensor(2),)"
S01040,"(tensor(2),)"
S01041,"(tensor(15),)"
S01042,"(tensor(3),)"
S01043,"(tensor(3),)"
S01044,"(tensor(3),)"
S01045,"(tensor(3),)"
S01046,"(tensor(3),)"
S01047,"(tensor(3),)"
S01048,"(tensor(3),)"
S01049,"(tensor(3),)"
S01050,"(tensor(2),)"
S01051,"(tensor(2),)"
S01052,"(tensor(2),)"
S01053,"(tensor(2),)"
S01054,"(tensor(2),)"
S01055,"(tensor(2),)"
S01056,"(tensor(2),)"
S01057,"(tensor(2),)"
S01058,"(tensor(2),)"
S01059,"(tensor(2),)"
S01060,"(tensor(2),)"
S01061,"(tensor(15),)"
S01062,"(tensor(3),)"
S01063,"(tensor(3),)"
S01064,"(tensor(3),)"
S01065,"(tensor(3),)"
S01066,"(tensor(3),)"
S01067,"(tensor(3),)"
S01068,"(tensor(3),)"
S01069,"(tensor(3),)"
S01070,"(tensor(2),)"
S01071,"(tensor(2),)"
S01072,"(tensor(2),)"
S01073,"(tensor(2),)"
S01074,"(tensor(2),)"
S01075,"(tensor(2),)"
S01076,"(tensor(2),)"
S01077,"(tensor(2),)"
S01078,"(tensor(2),)"
S01079,"(tensor(2),)"
S01080,"(tensor(2),)"
S01081,"(tensor(15),)"
S01082,"(tensor(3),)"
S01083,"(tensor(3),)"
S01084,"(tensor(3),)"
S01085,"(tensor(3),)"
S01086,"(tensor(3),)"
S01087,"(tensor(3),)"
S01088,"(tensor(3),)"
S01089,"(tensor(2),)"
S01090,"(tensor(2),)"
S01091,"(tensor(2),)"
S01092,"(tensor(2),)"
S01093,"(tensor(2),)"
S01094,"(tensor(2),)"
S01095,"(tensor(2),)"
S01096,"(tensor(2),)"
S01097,"(tensor(2),)"
S01098,"(tensor(2),)"
S01099,"(tensor(2),)"
S01100,"(tensor(2),)"
S01101,"(tensor(15),)"
S01102,"(tensor(11),)"
S01103,"(tensor(4),)"
S01104,"(tensor(3),)"
S01105,"(tensor(3),)"
S01106,"(tensor(3),)"
S01107,"(tensor(3),)"
S01108,"(tensor(3),)"
S01109,"(tensor(3),)"
S01110,"(tensor(3),)"
S01111,"(tensor(3),)"
S01112,"(tensor(3),)"
S01113,"(tensor(3),)"
S01114,"(tensor(3),)"
S01115,"(tensor(3),)"
S01116,"(tensor(3),)"
S01117,"(tensor(2),)"
S01118,"(tensor(2),)"
S01119,"(tensor(2),)"
S01120,"(tensor(2),)"
S01121,"(tensor(15),)"
S01122,"(tensor(11),)"
S01123,"(tensor(4),)"
S01124,"(tensor(3),)"
S01125,"(tensor(3),)"
S01126,"(tensor(3),)"
S01127,"(tensor(3),)"
S01128,"(tensor(3),)"
S01129,"(tensor(3),)"
S01130,"(tensor(3),)"
S01131,"(tensor(3),)"
S01132,"(tensor(3),)"
S01133,"(tensor(3),)"
S01134,"(tensor(3),)"
S01135,"(tensor(3),)"
S01136,"(tensor(3),)"
S01137,"(tensor(3),)"
S01138,"(tensor(2),)"
S01139,"(tensor(2),)"
S01140,"(tensor(2),)"
S01141,"(tensor(15),)"
S01142,"(tensor(3),)"
S01143,"(tensor(3),)"
S01144,"(tensor(3),)"
S01145,"(tensor(3),)"
S01146,"(tensor(3),)"
S01147,"(tensor(3),)"
S01148,"(tensor(3),)"
S01149,"(tensor(3),)"
S01150,"(tensor(2),)"
S01151,"(tensor(2),)"
S01152,"(tensor(2),)"
S01153,"(tensor(2),)"
S01154,"(tensor(2),)"
S01155,"(tensor(2),)"
S01156,"(tensor(2),)"
S01157,"(tensor(2),)"
S01158,"(tensor(2),)"
S01159,"(tensor(2),)"
S01160,"(tensor(2),)"
S01161,"(tensor(15),)"
S01162,"(tensor(3),)"
S01163,"(tensor(3),)"
S01164,"(tensor(3),)"
S01165,"(tensor(3),)"
S01166,"(tensor(3),)"
S01167,"(tensor(3),)"
S01168,"(tensor(3),)"
S01169,"(tensor(3),)"
S01170,"(tensor(2),)"
S01171,"(tensor(2),)"
S01172,"(tensor(2),)"
S01173,"(tensor(2),)"
S01174,"(tensor(2),)"
S01175,"(tensor(2),)"
S01176,"(tensor(2),)"
S01177,"(tensor(2),)"
S01178,"(tensor(2),)"
S01179,"(tensor(2),)"
S01180,"(tensor(2),)"
S01181,"(tensor(15),)"
S01182,"(tensor(3),)"
S01183,"(tensor(3),)"
S01184,"(tensor(3),)"
S01185,"(tensor(3),)"
S01186,"(tensor(3),)"
S01187,"(tensor(3),)"
S01188,"(tensor(3),)"
S01189,"(tensor(3),)"
S01190,"(tensor(2),)"
S01191,"(tensor(2),)"
S01192,"(tensor(2),)"
S01193,"(tensor(2),)"
S01194,"(tensor(2),)"
S01195,"(tensor(2),)"
S01196,"(tensor(2),)"
S01197,"(tensor(2),)"
S01198,"(tensor(2),)"
S01199,"(tensor(2),)"
S01200,"(tensor(2),)"
S01201,"(tensor(15),)"
S01202,"(tensor(3),)"
S01203,"(tensor(3),)"
S01204,"(tensor(3),)"
S01205,"(tensor(3),)"
S01206,"(tensor(3),)"
S01207,"(tensor(3),)"
S01208,"(tensor(3),)"
S01209,"(tensor(3),)"
S01210,"(tensor(2),)"
S01211,"(tensor(2),)"
S01212,"(tensor(2),)"
S01213,"(tensor(2),)"
S01214,"(tensor(2),)"
S01215,"(tensor(2),)"
S01216,"(tensor(2),)"
S01217,"(tensor(2),)"
S01218,"(tensor(2),)"
S01219,"(tensor(2),)"
S01220,"(tensor(2),)"
S01221,"(tensor(15),)"
S01222,"(tensor(3),)"
S01223,"(tensor(3),)"
S01224,"(tensor(3),)"
S01225,"(tensor(3),)"
S01226,"(tensor(3),)"
S01227,"(tensor(3),)"
S01228,"(tensor(3),)"
S01229,"(tensor(3),)"
S01230,"(tensor(2),)"
S01231,"(tensor(2),)"
S01232,"(tensor(2),)"
S01233,"(tensor(2),)"
S01234,"(tensor(2),)"
S01235,"(tensor(2),)"
S01236,"(tensor(2),)"
S01237,"(tensor(2),)"
S01238,"(tensor(2),)"
S01239,"(tensor(2),)"
S01240,"(tensor(2),)"
S01241,"(tensor(15),)"
S01242,"(tensor(3),)"
S01243,"(tensor(3),)"
S01244,"(tensor(3),)"
S01245,"(tensor(3),)"
S01246,"(tensor(3),)"
S01247,"(tensor(3),)"
S01248,"(tensor(3),)"
S01249,"(tensor(3),)"
S01250,"(tensor(2),)"
S01251,"(tensor(2),)"
S01252,"(tensor(2),)"
S01253,"(tensor(2),)"
S01254,"(tensor(2),)"
S01255,"(tensor(2),)"
S01256,"(tensor(2),)"
S01257,"(tensor(2),)"
S01258,"(tensor(2),)"
S01259,"(tensor(2),)"
S01260,"(tensor(2),)"
S01261,"(tensor(15),)"
S01262,"(tensor(3),)"
S01263,"(tensor(3),)"
S01264,"(tensor(3),)"
S01265,"(tensor(3),)"
S01266,"(tensor(3),)"
S01267,"(tensor(3),)"
S01268,"(tensor(3),)"
S01269,"(tensor(3),)"
S01270,"(tensor(2),)"
S01271,"(tensor(2),)"
S01272,"(tensor(2),)"
S01273,"(tensor(2),)"
S01274,"(tensor(2),)"
S01275,"(tensor(2),)"
S01276,"(tensor(2),)"
S01277,"(tensor(2),)"
S01278,"(tensor(2),)"
S01279,"(tensor(2),)"
S01280,"(tensor(2),)"
S01281,"(tensor(15),)"
S01282,"(tensor(11),)"
S01283,"(tensor(4),)"
S01284,"(tensor(3),)"
S01285,"(tensor(3),)"
S01286,"(tensor(3),)"
S01287,"(tensor(3),)"
S01288,"(tensor(3),)"
S01289,"(tensor(3),)"
S01290,"(tensor(3),)"
S01291,"(tensor(3),)"
S01292,"(tensor(3),)"
S01293,"(tensor(3),)"
S01294,"(tensor(3),)"
S01295,"(tensor(3),)"
S01296,"(tensor(3),)"
S01297,"(tensor(2),)"
S01298,"(tensor(2),)"
S01299,"(tensor(2),)"
S01300,"(tensor(2),)"
S01301,"(tensor(15),)"
S01302,"(tensor(3),)"
S01303,"(tensor(3),)"
S01304,"(tensor(3),)"
S01305,"(tensor(3),)"
S01306,"(tensor(3),)"
S01307,"(tensor(3),)"
S01308,"(tensor(3),)"
S01309,"(tensor(3),)"
S01310,"(tensor(2),)"
S01311,"(tensor(2),)"
S01312,"(tensor(2),)"
S01313,"(tensor(2),)"
S01314,"(tensor(2),)"
S01315,"(tensor(2),)"
S01316,"(tensor(2),)"
S01317,"(tensor(2),)"
S01318,"(tensor(2),)"
S01319,"(tensor(2),)"
S01320,"(tensor(2),)"
S01321,"(tensor(15),)"
S01322,"(tensor(3),)"
S01323,"(tensor(3),)"
S01324,"(tensor(3),)"
S01325,"(tensor(3),)"
S01326,"(tensor(3),)"
S01327,"(tensor(3),)"
S01328,"(tensor(3),)"
S01329,"(tensor(3),)"
S01330,"(tensor(2),)"
S01331,"(tensor(2),)"
S01332,"(tensor(2),)"
S01333,"(tensor(2),)"
S01334,"(tensor(2),)"
S01335,"(tensor(2),)"
S01336,"(tensor(2),)"
S01337,"(tensor(2),)"
S01338,"(tensor(2),)"
S01339,"(tensor(2),)"
S01340,"(tensor(2),)"
S01341,"(tensor(15),)"
S01342,"(tensor(3),)"
S01343,"(tensor(3),)"
S01344,"(tensor(3),)"
S01345,"(tensor(3),)"
S01346,"(tensor(3),)"
S01347,"(tensor(3),)"
S01348,"(tensor(3),)"
S01349,"(tensor(3),)"
S01350,"(tensor(2),)"
S01351,"(tensor(2),)"
S01352,"(tensor(2),)"
S01353,"(tensor(2),)"
S01354,"(tensor(2),)"
S01355,"(tensor(2),)"
S01356,"(tensor(2),)"
S01357,"(tensor(2),)"
S01358,"(tensor(2),)"
S01359,"(tensor(2),)"
S01360,"(tensor(2),)"
S01361,"(tensor(15),)"
S01362,"(tensor(3),)"
S01363,"(tensor(3),)"
S01364,"(tensor(3),)"
S01365,"(tensor(3),)"
S01366,"(tensor(3),)"
S01367,"(tensor(3),)"
S01368,"(tensor(3),)"
S01369,"(tensor(3),)"
S01370,"(tensor(2),)"
S01371,"(tensor(2),)"
S01372,"(tensor(2),)"
S01373,"(tensor(2),)"
S01374,"(tensor(2),)"
S01375,"(tensor(2),)"
S01376,"(tensor(2),)"
S01377,"(tensor(2),)"
S01378,"(tensor(2),)"
S01379,"(tensor(2),)"
S01380,"(tensor(2),)"
S01381,"(tensor(15),)"
S01382,"(tensor(3),)"
S01383,"(tensor(3),)"
S01384,"(tensor(3),)"
S01385,"(tensor(3),)"
S01386,"(tensor(3),)"
S01387,"(tensor(3),)"
S01388,"(tensor(3),)"
S01389,"(tensor(3),)"
S01390,"(tensor(2),)"
S01391,"(tensor(2),)"
S01392,"(tensor(2),)"
S01393,"(tensor(2),)"
S01394,"(tensor(2),)"
S01395,"(tensor(2),)"
S01396,"(tensor(2),)"
S01397,"(tensor(2),)"
S01398,"(tensor(2),)"
S01399,"(tensor(2),)"
S01400,"(tensor(2),)"
S01401,"(tensor(15),)"
S01402,"(tensor(11),)"
S01403,"(tensor(4),)"
S01404,"(tensor(3),)"
S01405,"(tensor(3),)"
S01406,"(tensor(3),)"
S01407,"(tensor(3),)"
S01408,"(tensor(3),)"
S01409,"(tensor(3),)"
S01410,"(tensor(3),)"
S01411,"(tensor(3),)"
S01412,"(tensor(3),)"
S01413,"(tensor(3),)"
S01414,"(tensor(3),)"
S01415,"(tensor(3),)"
S01416,"(tensor(3),)"
S01417,"(tensor(2),)"
S01418,"(tensor(2),)"
S01419,"(tensor(2),)"
S01420,"(tensor(2),)"
S01421,"(tensor(15),)"
S01422,"(tensor(3),)"
S01423,"(tensor(3),)"
S01424,"(tensor(3),)"
S01425,"(tensor(3),)"
S01426,"(tensor(3),)"
S01427,"(tensor(3),)"
S01428,"(tensor(3),)"
S01429,"(tensor(2),)"
S01430,"(tensor(2),)"
S01431,"(tensor(2),)"
S01432,"(tensor(2),)"
S01433,"(tensor(2),)"
S01434,"(tensor(2),)"
S01435,"(tensor(2),)"
S01436,"(tensor(2),)"
S01437,"(tensor(2),)"
S01438,"(tensor(2),)"
S01439,"(tensor(2),)"
S01440,"(tensor(2),)"
S01441,"(tensor(15),)"
S01442,"(tensor(3),)"
S01443,"(tensor(3),)"
S01444,"(tensor(3),)"
S01445,"(tensor(3),)"
S01446,"(tensor(3),)"
S01447,"(tensor(3),)"
S01448,"(tensor(3),)"
S01449,"(tensor(3),)"
S01450,"(tensor(2),)"
S01451,"(tensor(2),)"
S01452,"(tensor(2),)"
S01453,"(tensor(2),)"
S01454,"(tensor(2),)"
S01455,"(tensor(2),)"
S01456,"(tensor(2),)"
S01457,"(tensor(2),)"
S01458,"(tensor(2),)"
S01459,"(tensor(2),)"
S01460,"(tensor(2),)"
S01461,"(tensor(15),)"
S01462,"(tensor(3),)"
S01463,"(tensor(3),)"
S01464,"(tensor(3),)"
S01465,"(tensor(3),)"
S01466,"(tensor(3),)"
S01467,"(tensor(3),)"
S01468,"(tensor(3),)"
S01469,"(tensor(3),)"
S01470,"(tensor(2),)"
S01471,"(tensor(2),)"
S01472,"(tensor(2),)"
S01473,"(tensor(2),)"
S01474,"(tensor(2),)"
S01475,"(tensor(2),)"
S01476,"(tensor(2),)"
S01477,"(tensor(2),)"
S01478,"(tensor(2),)"
S01479,"(tensor(2),)"
S01480,"(tensor(2),)"
S01481,"(tensor(15),)"
S01482,"(tensor(3),)"
S01483,"(tensor(3),)"
S01484,"(tensor(3),)"
S01485,"(tensor(3),)"
S01486,"(tensor(3),)"
S01487,"(tensor(3),)"
S01488,"(tensor(3),)"
S01489,"(tensor(3),)"
S01490,"(tensor(2),)"
S01491,"(tensor(2),)"
S01492,"(tensor(2),)"
S01493,"(tensor(2),)"
S01494,"(tensor(2),)"
S01495,"(tensor(2),)"
S01496,"(tensor(2),)"
S01497,"(tensor(2),)"
S01498,"(tensor(2),)"
S01499,"(tensor(2),)"
S01500,"(tensor(2),)"
S01501,"(tensor(15),)"
S01502,"(tensor(3),)"
S01503,"(tensor(3),)"
S01504,"(tensor(3),)"
S01505,"(tensor(3),)"
S01506,"(tensor(3),)"
S01507,"(tensor(3),)"
S01508,"(tensor(3),)"
S01509,"(tensor(2),)"
S01510,"(tensor(2),)"
S01511,"(tensor(2),)"
S01512,"(tensor(2),)"
S01513,"(tensor(2),)"
S01514,"(tensor(2),)"
S01515,"(tensor(2),)"
S01516,"(tensor(2),)"
S01517,"(tensor(2),)"
S01518,"(tensor(2),)"
S01519,"(tensor(2),)"
S01520,"(tensor(2),)"
S01521,"(tensor(15),)"
S01522,"(tensor(3),)"
S01523,"(tensor(3),)"
S01524,"(tensor(3),)"
S01525,"(tensor(3),)"
S01526,"(tensor(3),)"
S01527,"(tensor(3),)"
S01528,"(tensor(3),)"
S01529,"(tensor(3),)"
S01530,"(tensor(2),)"
S01531,"(tensor(2),)"
S01532,"(tensor(2),)"
S01533,"(tensor(2),)"
S01534,"(tensor(2),)"
S01535,"(tensor(2),)"
S01536,"(tensor(2),)"
S01537,"(tensor(2),)"
S01538,"(tensor(2),)"
S01539,"(tensor(2),)"
S01540,"(tensor(2),)"
S01541,"(tensor(15),)"
S01542,"(tensor(3),)"
S01543,"(tensor(3),)"
S01544,"(tensor(3),)"
S01545,"(tensor(3),)"
S01546,"(tensor(3),)"
S01547,"(tensor(3),)"
S01548,"(tensor(3),)"
S01549,"(tensor(3),)"
S01550,"(tensor(2),)"
S01551,"(tensor(2),)"
S01552,"(tensor(2),)"
S01553,"(tensor(2),)"
S01554,"(tensor(2),)"
S01555,"(tensor(2),)"
S01556,"(tensor(2),)"
S01557,"(tensor(2),)"
S01558,"(tensor(2),)"
S01559,"(tensor(2),)"
S01560,"(tensor(2),)"
S01561,"(tensor(15),)"
S01562,"(tensor(3),)"
S01563,"(tensor(3),)"
S01564,"(tensor(3),)"
S01565,"(tensor(3),)"
S01566,"(tensor(3),)"
S01567,"(tensor(3),)"
S01568,"(tensor(3),)"
S01569,"(tensor(3),)"
S01570,"(tensor(2),)"
S01571,"(tensor(2),)"
S01572,"(tensor(2),)"
S01573,"(tensor(2),)"
S01574,"(tensor(2),)"
S01575,"(tensor(2),)"
S01576,"(tensor(2),)"
S01577,"(tensor(2),)"
S01578,"(tensor(2),)"
S01579,"(tensor(2),)"
S01580,"(tensor(2),)"
S01581,"(tensor(15),)"
S01582,"(tensor(11),)"
S01583,"(tensor(4),)"
S01584,"(tensor(3),)"
S01585,"(tensor(3),)"
S01586,"(tensor(3),)"
S01587,"(tensor(3),)"
S01588,"(tensor(3),)"
S01589,"(tensor(3),)"
S01590,"(tensor(3),)"
S01591,"(tensor(3),)"
S01592,"(tensor(3),)"
S01593,"(tensor(3),)"
S01594,"(tensor(3),)"
S01595,"(tensor(3),)"
S01596,"(tensor(3),)"
S01597,"(tensor(3),)"
S01598,"(tensor(2),)"
S01599,"(tensor(2),)"
S01600,"(tensor(2),)"
S01601,"(tensor(15),)"
S01602,"(tensor(3),)"
S01603,"(tensor(3),)"
S01604,"(tensor(3),)"
S01605,"(tensor(3),)"
S01606,"(tensor(3),)"
S01607,"(tensor(3),)"
S01608,"(tensor(3),)"
S01609,"(tensor(3),)"
S01610,"(tensor(2),)"
S01611,"(tensor(2),)"
S01612,"(tensor(2),)"
S01613,"(tensor(2),)"
S01614,"(tensor(2),)"
S01615,"(tensor(2),)"
S01616,"(tensor(2),)"
S01617,"(tensor(2),)"
S01618,"(tensor(2),)"
S01619,"(tensor(2),)"
S01620,"(tensor(2),)"
S01621,"(tensor(15),)"
S01622,"(tensor(3),)"
S01623,"(tensor(3),)"
S01624,"(tensor(3),)"
S01625,"(tensor(3),)"
S01626,"(tensor(3),)"
S01627,"(tensor(3),)"
S01628,"(tensor(3),)"
S01629,"(tensor(3),)"
S01630,"(tensor(2),)"
S01631,"(tensor(2),)"
S01632,"(tensor(2),)"
S01633,"(tensor(2),)"
S01634,"(tensor(2),)"
S01635,"(tensor(2),)"
S01636,"(tensor(2),)"
S01637,"(tensor(2),)"
S01638,"(tensor(2),)"
S01639,"(tensor(2),)"
S01640,"(tensor(2),)"
S01641,"(tensor(15),)"
S01642,"(tensor(3),)"
S01643,"(tensor(3),)"
S01644,"(tensor(3),)"
S01645,"(tensor(3),)"
S01646,"(tensor(3),)"
S01647,"(tensor(3),)"
S01648,"(tensor(3),)"
S01649,"(tensor(3),)"
S01650,"(tensor(2),)"
S01651,"(tensor(2),)"
S01652,"(tensor(2),)"
S01653,"(tensor(2),)"
S01654,"(tensor(2),)"
S01655,"(tensor(2),)"
S01656,"(tensor(2),)"
S01657,"(tensor(2),)"
S01658,"(tensor(2),)"
S01659,"(tensor(2),)"
S01660,"(tensor(2),)"
S01661,"(tensor(15),)"
S01662,"(tensor(3),)"
S01663,"(tensor(3),)"
S01664,"(tensor(3),)"
S01665,"(tensor(3),)"
S01666,"(tensor(3),)"
S01667,"(tensor(3),)"
S01668,"(tensor(3),)"
S01669,"(tensor(3),)"
S01670,"(tensor(2),)"
S01671,"(tensor(2),)"
S01672,"(tensor(2),)"
S01673,"(tensor(2),)"
S01674,"(tensor(2),)"
S01675,"(tensor(2),)"
S01676,"(tensor(2),)"
S01677,"(tensor(2),)"
S01678,"(tensor(2),)"
S01679,"(tensor(2),)"
S01680,"(tensor(2),)"
S01681,"(tensor(15),)"
S01682,"(tensor(3),)"
S01683,"(tensor(3),)"
S01684,"(tensor(3),)"
S01685,"(tensor(3),)"
S01686,"(tensor(3),)"
S01687,"(tensor(3),)"
S01688,"(tensor(3),)"
S01689,"(tensor(3),)"
S01690,"(tensor(2),)"
S01691,"(tensor(2),)"
S01692,"(tensor(2),)"
S01693,"(tensor(2),)"
S01694,"(tensor(2),)"
S01695,"(tensor(2),)"
S01696,"(tensor(2),)"
S01697,"(tensor(2),)"
S01698,"(tensor(2),)"
S01699,"(tensor(2),)"
S01700,"(tensor(2),)"
S01701,"(tensor(15),)"
S01702,"(tensor(3),)"
S01703,"(tensor(3),)"
S01704,"(tensor(3),)"
S01705,"(tensor(3),)"
S01706,"(tensor(3),)"
S01707,"(tensor(3),)"
S01708,"(tensor(3),)"
S01709,"(tensor(3),)"
S01710,"(tensor(2),)"
S01711,"(tensor(2),)"
S01712,"(tensor(2),)"
S01713,"(tensor(2),)"
S01714,"(tensor(2),)"
S01715,"(tensor(2),)"
S01716,"(tensor(2),)"
S01717,"(tensor(2),)"
S01718,"(tensor(2),)"
S01719,"(tensor(2),)"
S01720,"(tensor(2),)"
S01721,"(tensor(15),)"
S01722,"(tensor(3),)"
S01723,"(tensor(3),)"
S01724,"(tensor(3),)"
S01725,"(tensor(3),)"
S01726,"(tensor(3),)"
S01727,"(tensor(3),)"
S01728,"(tensor(3),)"
S01729,"(tensor(3),)"
S01730,"(tensor(2),)"
S01731,"(tensor(2),)"
S01732,"(tensor(2),)"
S01733,"(tensor(2),)"
S01734,"(tensor(2),)"
S01735,"(tensor(2),)"
S01736,"(tensor(2),)"
S01737,"(tensor(2),)"
S01738,"(tensor(2),)"
S01739,"(tensor(2),)"
S01740,"(tensor(2),)"
S01741,"(tensor(15),)"
S01742,"(tensor(3),)"
S01743,"(tensor(3),)"
S01744,"(tensor(3),)"
S01745,"(tensor(3),)"
S01746,"(tensor(3),)"
S01747,"(tensor(3),)"
S01748,"(tensor(3),)"
S01749,"(tensor(3),)"
S01750,"(tensor(2),)"
S01751,"(tensor(2),)"
S01752,"(tensor(2),)"
S01753,"(tensor(2),)"
S01754,"(tensor(2),)"
S01755,"(tensor(2),)"
S01756,"(tensor(2),)"
S01757,"(tensor(2),)"
S01758,"(tensor(2),)"
S01759,"(tensor(2),)"
S01760,"(tensor(2),)"
S01761,"(tensor(15),)"
S01762,"(tensor(11),)"
S01763,"(tensor(4),)"
S01764,"(tensor(3),)"
S01765,"(tensor(3),)"
S01766,"(tensor(3),)"
S01767,"(tensor(3),)"
S01768,"(tensor(3),)"
S01769,"(tensor(3),)"
S01770,"(tensor(3),)"
S01771,"(tensor(3),)"
S01772,"(tensor(3),)"
S01773,"(tensor(3),)"
S01774,"(tensor(3),)"
S01775,"(tensor(3),)"
S01776,"(tensor(3),)"
S01777,"(tensor(3),)"
S01778,"(tensor(2),)"
S01779,"(tensor(2),)"
S01780,"(tensor(2),)"
S01781,"(tensor(15),)"
S01782,"(tensor(3),)"
S01783,"(tensor(3),)"
S01784,"(tensor(3),)"
S01785,"(tensor(3),)"
S01786,"(tensor(3),)"
S01787,"(tensor(3),)"
S01788,"(tensor(3),)"
S01789,"(tensor(3),)"
S01790,"(tensor(2),)"
S01791,"(tensor(2),)"
S01792,"(tensor(2),)"
S01793,"(tensor(2),)"
S01794,"(tensor(2),)"
S01795,"(tensor(2),)"
S01796,"(tensor(2),)"
S01797,"(tensor(2),)"
S01798,"(tensor(2),)"
S01799,"(tensor(2),)"
S01800,"(tensor(2),)"
S01801,"(tensor(15),)"
S01802,"(tensor(3),)"
S01803,"(tensor(3),)"
S01804,"(tensor(3),)"
S01805,"(tensor(3),)"
S01806,"(tensor(3),)"
S01807,"(tensor(3),)"
S01808,"(tensor(3),)"
S01809,"(tensor(3),)"
S01810,"(tensor(2),)"
S01811,"(tensor(2),)"
S01812,"(tensor(2),)"
S01813,"(tensor(2),)"
S01814,"(tensor(2),)"
S01815,"(tensor(2),)"
S01816,"(tensor(2),)"
S01817,"(tensor(2),)"
S01818,"(tensor(2),)"
S01819,"(tensor(2),)"
S01820,"(tensor(2),)"
S01821,"(tensor(15),)"
S01822,"(tensor(3),)"
S01823,"(tensor(3),)"
S01824,"(tensor(3),)"
S01825,"(tensor(3),)"
S01826,"(tensor(3),)"
S01827,"(tensor(3),)"
S01828,"(tensor(3),)"
S01829,"(tensor(3),)"
S01830,"(tensor(2),)"
S01831,"(tensor(2),)"
S01832,"(tensor(2),)"
S01833,"(tensor(2),)"
S01834,"(tensor(2),)"
S01835,"(tensor(2),)"
S01836,"(tensor(2),)"
S01837,"(tensor(2),)"
S01838,"(tensor(2),)"
S01839,"(tensor(2),)"
S01840,"(tensor(2),)"
S01841,"(tensor(15),)"
S01842,"(tensor(3),)"
S01843,"(tensor(3),)"
S01844,"(tensor(3),)"
S01845,"(tensor(3),)"
S01846,"(tensor(3),)"
S01847,"(tensor(3),)"
S01848,"(tensor(3),)"
S01849,"(tensor(3),)"
S01850,"(tensor(2),)"
S01851,"(tensor(2),)"
S01852,"(tensor(2),)"
S01853,"(tensor(2),)"
S01854,"(tensor(2),)"
S01855,"(tensor(2),)"
S01856,"(tensor(2),)"
S01857,"(tensor(2),)"
S01858,"(tensor(2),)"
S01859,"(tensor(2),)"
S01860,"(tensor(2),)"
S01861,"(tensor(15),)"
S01862,"(tensor(3),)"
S01863,"(tensor(3),)"
S01864,"(tensor(3),)"
S01865,"(tensor(3),)"
S01866,"(tensor(3),)"
S01867,"(tensor(3),)"
S01868,"(tensor(3),)"
S01869,"(tensor(2),)"
S01870,"(tensor(2),)"
S01871,"(tensor(2),)"
S01872,"(tensor(2),)"
S01873,"(tensor(2),)"
S01874,"(tensor(2),)"
S01875,"(tensor(2),)"
S01876,"(tensor(2),)"
S01877,"(tensor(2),)"
S01878,"(tensor(2),)"
S01879,"(tensor(2),)"
S01880,"(tensor(2),)"
S01881,"(tensor(15),)"
S01882,"(tensor(3),)"
S01883,"(tensor(3),)"
S01884,"(tensor(3),)"
S01885,"(tensor(3),)"
S01886,"(tensor(3),)"
S01887,"(tensor(3),)"
S01888,"(tensor(3),)"
S01889,"(tensor(3),)"
S01890,"(tensor(2),)"
S01891,"(tensor(2),)"
S01892,"(tensor(2),)"
S01893,"(tensor(2),)"
S01894,"(tensor(2),)"
S01895,"(tensor(2),)"
S01896,"(tensor(2),)"
S01897,"(tensor(2),)"
S01898,"(tensor(2),)"
S01899,"(tensor(2),)"
S01900,"(tensor(2),)"
S01901,"(tensor(15),)"
S01902,"(tensor(3),)"
S01903,"(tensor(3),)"
S01904,"(tensor(3),)"
S01905,"(tensor(3),)"
S01906,"(tensor(3),)"
S01907,"(tensor(3),)"
S01908,"(tensor(3),)"
S01909,"(tensor(3),)"
S01910,"(tensor(2),)"
S01911,"(tensor(2),)"
S01912,"(tensor(2),)"
S01913,"(tensor(2),)"
S01914,"(tensor(2),)"
S01915,"(tensor(2),)"
S01916,"(tensor(2),)"
S01917,"(tensor(2),)"
S01918,"(tensor(2),)"
S01919,"(tensor(2),)"
S01920,"(tensor(2),)"
S01921,"(tensor(15),)"
S01922,"(tensor(3),)"
S01923,"(tensor(3),)"
S01924,"(tensor(3),)"
S01925,"(tensor(3),)"
S01926,"(tensor(3),)"
S01927,"(tensor(3),)"
S01928,"(tensor(3),)"
S01929,"(tensor(3),)"
S01930,"(tensor(2),)"
S01931,"(tensor(2),)"
S01932,"(tensor(2),)"
S01933,"(tensor(2),)"
S01934,"(tensor(2),)"
S01935,"(tensor(2),)"
S01936,"(tensor(2),)"
S01937,"(tensor(2),)"
S01938,"(tensor(2),)"
S01939,"(tensor(2),)"
S01940,"(tensor(2),)"
S01941,"(tensor(15),)"
S01942,"(tensor(11),)"
S01943,"(tensor(4),)"
S01944,"(tensor(3),)"
S01945,"(tensor(3),)"
S01946,"(tensor(3),)"
S01947,"(tensor(3),)"
S01948,"(tensor(3),)"
S01949,"(tensor(3),)"
S01950,"(tensor(3),)"
S01951,"(tensor(3),)"
S01952,"(tensor(3),)"
S01953,"(tensor(3),)"
S01954,"(tensor(3),)"
S01955,"(tensor(3),)"
S01956,"(tensor(3),)"
S01957,"(tensor(2),)"
S01958,"(tensor(2),)"
S01959,"(tensor(2),)"
S01960,"(tensor(2),)"
S01961,"(tensor(15),)"
S01962,"(tensor(3),)"
S01963,"(tensor(3),)"
S01964,"(tensor(3),)"
S01965,"(tensor(3),)"
S01966,"(tensor(3),)"
S01967,"(tensor(3),)"
S01968,"(tensor(3),)"
S01969,"(tensor(3),)"
S01970,"(tensor(2),)"
S01971,"(tensor(2),)"
S01972,"(tensor(2),)"
S01973,"(tensor(2),)"
S01974,"(tensor(2),)"
S01975,"(tensor(2),)"
S01976,"(tensor(2),)"
S01977,"(tensor(2),)"
S01978,"(tensor(2),)"
S01979,"(tensor(2),)"
S01980,"(tensor(2),)"
S01981,"(tensor(15),)"
S01982,"(tensor(3),)"
S01983,"(tensor(3),)"
S01984,"(tensor(3),)"
S01985,"(tensor(3),)"
S01986,"(tensor(3),)"
S01987,"(tensor(3),)"
S01988,"(tensor(3),)"
S01989,"(tensor(2),)"
S01990,"(tensor(2),)"
S01991,"(tensor(2),)"
S01992,"(tensor(2),)"
S01993,"(tensor(2),)"
S01994,"(tensor(2),)"
S01995,"(tensor(2),)"
S01996,"(tensor(2),)"
S01997,"(tensor(2),)"
S01998,"(tensor(2),)"
S01999,"(tensor(2),)"
S02000,"(tensor(2),)"
S02001,"(tensor(15),)"
S02002,"(tensor(3),)"
S02003,"(tensor(3),)"
S02004,"(tensor(3),)"
S02005,"(tensor(3),)"
S02006,"(tensor(3),)"
S02007,"(tensor(3),)"
S02008,"(tensor(3),)"
S02009,"(tensor(2),)"
S02010,"(tensor(2),)"
S02011,"(tensor(2),)"
S02012,"(tensor(2),)"
S02013,"(tensor(2),)"
S02014,"(tensor(2),)"
S02015,"(tensor(2),)"
S02016,"(tensor(2),)"
S02017,"(tensor(2),)"
S02018,"(tensor(2),)"
S02019,"(tensor(2),)"
S02020,"(tensor(2),)"
S02021,"(tensor(15),)"
S02022,"(tensor(3),)"
S02023,"(tensor(3),)"
S02024,"(tensor(3),)"
S02025,"(tensor(3),)"
S02026,"(tensor(3),)"
S02027,"(tensor(3),)"
S02028,"(tensor(3),)"
S02029,"(tensor(3),)"
S02030,"(tensor(2),)"
S02031,"(tensor(2),)"
S02032,"(tensor(2),)"
S02033,"(tensor(2),)"
S02034,"(tensor(2),)"
S02035,"(tensor(2),)"
S02036,"(tensor(2),)"
S02037,"(tensor(2),)"
S02038,"(tensor(2),)"
S02039,"(tensor(2),)"
S02040,"(tensor(2),)"
S02041,"(tensor(15),)"
S02042,"(tensor(11),)"
S02043,"(tensor(4),)"
S02044,"(tensor(3),)"
S02045,"(tensor(3),)"
S02046,"(tensor(3),)"
S02047,"(tensor(3),)"
S02048,"(tensor(3),)"
S02049,"(tensor(3),)"
S02050,"(tensor(3),)"
S02051,"(tensor(3),)"
S02052,"(tensor(3),)"
S02053,"(tensor(3),)"
S02054,"(tensor(3),)"
S02055,"(tensor(3),)"
S02056,"(tensor(3),)"
S02057,"(tensor(3),)"
S02058,"(tensor(2),)"
S02059,"(tensor(2),)"
S02060,"(tensor(2),)"
S02061,"(tensor(15),)"
S02062,"(tensor(3),)"
S02063,"(tensor(3),)"
S02064,"(tensor(3),)"
S02065,"(tensor(3),)"
S02066,"(tensor(3),)"
S02067,"(tensor(3),)"
S02068,"(tensor(3),)"
S02069,"(tensor(3),)"
S02070,"(tensor(2),)"
S02071,"(tensor(2),)"
S02072,"(tensor(2),)"
S02073,"(tensor(2),)"
S02074,"(tensor(2),)"
S02075,"(tensor(2),)"
S02076,"(tensor(2),)"
S02077,"(tensor(2),)"
S02078,"(tensor(2),)"
S02079,"(tensor(2),)"
S02080,"(tensor(2),)"
S02081,"(tensor(15),)"
S02082,"(tensor(3),)"
S02083,"(tensor(3),)"
S02084,"(tensor(3),)"
S02085,"(tensor(3),)"
S02086,"(tensor(3),)"
S02087,"(tensor(3),)"
S02088,"(tensor(3),)"
S02089,"(tensor(3),)"
S02090,"(tensor(2),)"
S02091,"(tensor(2),)"
S02092,"(tensor(2),)"
S02093,"(tensor(2),)"
S02094,"(tensor(2),)"
S02095,"(tensor(2),)"
S02096,"(tensor(2),)"
S02097,"(tensor(2),)"
S02098,"(tensor(2),)"
S02099,"(tensor(2),)"
S02100,"(tensor(2),)"
S02101,"(tensor(15),)"
S02102,"(tensor(3),)"
S02103,"(tensor(3),)"
S02104,"(tensor(3),)"
S02105,"(tensor(3),)"
S02106,"(tensor(3),)"
S02107,"(tensor(3),)"
S02108,"(tensor(3),)"
S02109,"(tensor(3),)"
S02110,"(tensor(2),)"
S02111,"(tensor(2),)"
S02112,"(tensor(2),)"
S02113,"(tensor(2),)"
S02114,"(tensor(2),)"
S02115,"(tensor(2),)"
S02116,"(tensor(2),)"
S02117,"(tensor(2),)"
S02118,"(tensor(2),)"
S02119,"(tensor(2),)"
S02120,"(tensor(2),)"
S02121,"(tensor(15),)"
S02122,"(tensor(3),)"
S02123,"(tensor(3),)"
S02124,"(tensor(3),)"
S02125,"(tensor(3),)"
S02126,"(tensor(3),)"
S02127,"(tensor(3),)"
S02128,"(tensor(3),)"
S02129,"(tensor(3),)"
S02130,"(tensor(2),)"
S02131,"(tensor(2),)"
S02132,"(tensor(2),)"
S02133,"(tensor(2),)"
S02134,"(tensor(2),)"
S02135,"(tensor(2),)"
S02136,"(tensor(2),)"
S02137,"(tensor(2),)"
S02138,"(tensor(2),)"
S02139,"(tensor(2),)"
S02140,"(tensor(2),)"
S02141,"(tensor(15),)"
S02142,"(tensor(3),)"
S02143,"(tensor(3),)"
S02144,"(tensor(3),)"
S02145,"(tensor(3),)"
S02146,"(tensor(3),)"
S02147,"(tensor(3),)"
S02148,"(tensor(3),)"
S02149,"(tensor(3),)"
S02150,"(tensor(2),)"
S02151,"(tensor(2),)"
S02152,"(tensor(2),)"
S02153,"(tensor(2),)"
S02154,"(tensor(2),)"
S02155,"(tensor(2),)"
S02156,"(tensor(2),)"
S02157,"(tensor(2),)"
S02158,"(tensor(2),)"
S02159,"(tensor(2),)"
S02160,"(tensor(2),)"
S02161,"(tensor(15),)"
S02162,"(tensor(3),)"
S02163,"(tensor(3),)"
S02164,"(tensor(3),)"
S02165,"(tensor(3),)"
S02166,"(tensor(3),)"
S02167,"(tensor(3),)"
S02168,"(tensor(3),)"
S02169,"(tensor(3),)"
S02170,"(tensor(2),)"
S02171,"(tensor(2),)"
S02172,"(tensor(2),)"
S02173,"(tensor(2),)"
S02174,"(tensor(2),)"
S02175,"(tensor(2),)"
S02176,"(tensor(2),)"
S02177,"(tensor(2),)"
S02178,"(tensor(2),)"
S02179,"(tensor(2),)"
S02180,"(tensor(2),)"
S02181,"(tensor(15),)"
S02182,"(tensor(3),)"
S02183,"(tensor(3),)"
S02184,"(tensor(3),)"
S02185,"(tensor(3),)"
S02186,"(tensor(3),)"
S02187,"(tensor(3),)"
S02188,"(tensor(3),)"
S02189,"(tensor(3),)"
S02190,"(tensor(2),)"
S02191,"(tensor(2),)"
S02192,"(tensor(2),)"
S02193,"(tensor(2),)"
S02194,"(tensor(2),)"
S02195,"(tensor(2),)"
S02196,"(tensor(2),)"
S02197,"(tensor(2),)"
S02198,"(tensor(2),)"
S02199,"(tensor(2),)"
S02200,"(tensor(2),)"
S02201,"(tensor(15),)"
S02202,"(tensor(3),)"
S02203,"(tensor(3),)"
S02204,"(tensor(3),)"
S02205,"(tensor(3),)"
S02206,"(tensor(3),)"
S02207,"(tensor(3),)"
S02208,"(tensor(3),)"
S02209,"(tensor(3),)"
S02210,"(tensor(2),)"
S02211,"(tensor(2),)"
S02212,"(tensor(2),)"
S02213,"(tensor(2),)"
S02214,"(tensor(2),)"
S02215,"(tensor(2),)"
S02216,"(tensor(2),)"
S02217,"(tensor(2),)"
S02218,"(tensor(2),)"
S02219,"(tensor(2),)"
S02220,"(tensor(2),)"
S02221,"(tensor(15),)"
S02222,"(tensor(3),)"
S02223,"(tensor(3),)"
S02224,"(tensor(3),)"
S02225,"(tensor(3),)"
S02226,"(tensor(3),)"
S02227,"(tensor(3),)"
S02228,"(tensor(3),)"
S02229,"(tensor(3),)"
S02230,"(tensor(2),)"
S02231,"(tensor(2),)"
S02232,"(tensor(2),)"
S02233,"(tensor(2),)"
S02234,"(tensor(2),)"
S02235,"(tensor(2),)"
S02236,"(tensor(2),)"
S02237,"(tensor(2),)"
S02238,"(tensor(2),)"
S02239,"(tensor(2),)"
S02240,"(tensor(2),)"
S02241,"(tensor(15),)"
S02242,"(tensor(3),)"
S02243,"(tensor(3),)"
S02244,"(tensor(3),)"
S02245,"(tensor(3),)"
S02246,"(tensor(3),)"
S02247,"(tensor(3),)"
S02248,"(tensor(3),)"
S02249,"(tensor(3),)"
S02250,"(tensor(2),)"
S02251,"(tensor(2),)"
S02252,"(tensor(2),)"
S02253,"(tensor(2),)"
S02254,"(tensor(2),)"
S02255,"(tensor(2),)"
S02256,"(tensor(2),)"
S02257,"(tensor(2),)"
S02258,"(tensor(2),)"
S02259,"(tensor(2),)"
S02260,"(tensor(2),)"
S02261,"(tensor(15),)"
S02262,"(tensor(3),)"
S02263,"(tensor(3),)"
S02264,"(tensor(3),)"
S02265,"(tensor(3),)"
S02266,"(tensor(3),)"
S02267,"(tensor(3),)"
S02268,"(tensor(3),)"
S02269,"(tensor(3),)"
S02270,"(tensor(2),)"
S02271,"(tensor(2),)"
S02272,"(tensor(2),)"
S02273,"(tensor(2),)"
S02274,"(tensor(2),)"
S02275,"(tensor(2),)"
S02276,"(tensor(2),)"
S02277,"(tensor(2),)"
S02278,"(tensor(2),)"
S02279,"(tensor(2),)"
S02280,"(tensor(2),)"
S02281,"(tensor(15),)"
S02282,"(tensor(3),)"
S02283,"(tensor(3),)"
S02284,"(tensor(3),)"
S02285,"(tensor(3),)"
S02286,"(tensor(3),)"
S02287,"(tensor(3),)"
S02288,"(tensor(3),)"
S02289,"(tensor(3),)"
S02290,"(tensor(2),)"
S02291,"(tensor(2),)"
S02292,"(tensor(2),)"
S02293,"(tensor(2),)"
S02294,"(tensor(2),)"
S02295,"(tensor(2),)"
S02296,"(tensor(2),)"
S02297,"(tensor(2),)"
S02298,"(tensor(2),)"
S02299,"(tensor(2),)"
S02300,"(tensor(2),)"
S02301,"(tensor(15),)"
S02302,"(tensor(3),)"
S02303,"(tensor(3),)"
S02304,"(tensor(3),)"
S02305,"(tensor(3),)"
S02306,"(tensor(3),)"
S02307,"(tensor(3),)"
S02308,"(tensor(3),)"
S02309,"(tensor(3),)"
S02310,"(tensor(2),)"
S02311,"(tensor(2),)"
S02312,"(tensor(2),)"
S02313,"(tensor(2),)"
S02314,"(tensor(2),)"
S02315,"(tensor(2),)"
S02316,"(tensor(2),)"
S02317,"(tensor(2),)"
S02318,"(tensor(2),)"
S02319,"(tensor(2),)"
S02320,"(tensor(2),)"
S02321,"(tensor(15),)"
S02322,"(tensor(3),)"
S02323,"(tensor(3),)"
S02324,"(tensor(3),)"
S02325,"(tensor(3),)"
S02326,"(tensor(3),)"
S02327,"(tensor(3),)"
S02328,"(tensor(3),)"
S02329,"(tensor(3),)"
S02330,"(tensor(2),)"
S02331,"(tensor(2),)"
S02332,"(tensor(2),)"
S02333,"(tensor(2),)"
S02334,"(tensor(2),)"
S02335,"(tensor(2),)"
S02336,"(tensor(2),)"
S02337,"(tensor(2),)"
S02338,"(tensor(2),)"
S02339,"(tensor(2),)"
S02340,"(tensor(2),)"
S02341,"(tensor(15),)"
S02342,"(tensor(3),)"
S02343,"(tensor(3),)"
S02344,"(tensor(3),)"
S02345,"(tensor(3),)"
S02346,"(tensor(3),)"
S02347,"(tensor(3),)"
S02348,"(tensor(3),)"
S02349,"(tensor(3),)"
S02350,"(tensor(2),)"
S02351,"(tensor(2),)"
S02352,"(tensor(2),)"
S02353,"(tensor(2),)"
S02354,"(tensor(2),)"
S02355,"(tensor(2),)"
S02356,"(tensor(2),)"
S02357,"(tensor(2),)"
S02358,"(tensor(2),)"
S02359,"(tensor(2),)"
S02360,"(tensor(2),)"
S02361,"(tensor(15),)"
S02362,"(tensor(3),)"
S02363,"(tensor(3),)"
S02364,"(tensor(3),)"
S02365,"(tensor(3),)"
S02366,"(tensor(3),)"
S02367,"(tensor(3),)"
S02368,"(tensor(3),)"
S02369,"(tensor(3),)"
S02370,"(tensor(2),)"
S02371,"(tensor(2),)"
S02372,"(tensor(2),)"
S02373,"(tensor(2),)"
S02374,"(tensor(2),)"
S02375,"(tensor(2),)"
S02376,"(tensor(2),)"
S02377,"(tensor(2),)"
S02378,"(tensor(2),)"
S02379,"(tensor(2),)"
S02380,"(tensor(2),)"
S02381,"(tensor(15),)"
S02382,"(tensor(3),)"
S02383,"(tensor(3),)"
S02384,"(tensor(3),)"
S02385,"(tensor(3),)"
S02386,"(tensor(3),)"
S02387,"(tensor(3),)"
S02388,"(tensor(3),)"
S02389,"(tensor(3),)"
S02390,"(tensor(2),)"
S02391,"(tensor(2),)"
S02392,"(tensor(2),)"
S02393,"(tensor(2),)"
S02394,"(tensor(2),)"
S02395,"(tensor(2),)"
S02396,"(tensor(2),)"
S02397,"(tensor(2),)"
S02398,"(tensor(2),)"
S02399,"(tensor(2),)"
S02400,"(tensor(2),)"
S02401,"(tensor(15),)"
S02402,"(tensor(3),)"
S02403,"(tensor(3),)"
S02404,"(tensor(3),)"
S02405,"(tensor(3),)"
S02406,"(tensor(3),)"
S02407,"(tensor(3),)"
S02408,"(tensor(3),)"
S02409,"(tensor(3),)"
S02410,"(tensor(2),)"
S02411,"(tensor(2),)"
S02412,"(tensor(2),)"
S02413,"(tensor(2),)"
S02414,"(tensor(2),)"
S02415,"(tensor(2),)"
S02416,"(tensor(2),)"
S02417,"(tensor(2),)"
S02418,"(tensor(2),)"
S02419,"(tensor(2),)"
S02420,"(tensor(2),)"
S02421,"(tensor(15),)"
S02422,"(tensor(3),)"
S02423,"(tensor(3),)"
S02424,"(tensor(3),)"
S02425,"(tensor(3),)"
S02426,"(tensor(3),)"
S02427,"(tensor(3),)"
S02428,"(tensor(3),)"
S02429,"(tensor(3),)"
S02430,"(tensor(2),)"
S02431,"(tensor(2),)"
S02432,"(tensor(2),)"
S02433,"(tensor(2),)"
S02434,"(tensor(2),)"
S02435,"(tensor(2),)"
S02436,"(tensor(2),)"
S02437,"(tensor(2),)"
S02438,"(tensor(2),)"
S02439,"(tensor(2),)"
S02440,"(tensor(2),)"
S02441,"(tensor(15),)"
S02442,"(tensor(3),)"
S02443,"(tensor(3),)"
S02444,"(tensor(3),)"
S02445,"(tensor(3),)"
S02446,"(tensor(3),)"
S02447,"(tensor(3),)"
S02448,"(tensor(3),)"
S02449,"(tensor(3),)"
S02450,"(tensor(2),)"
S02451,"(tensor(2),)"
S02452,"(tensor(2),)"
S02453,"(tensor(2),)"
S02454,"(tensor(2),)"
S02455,"(tensor(2),)"
S02456,"(tensor(2),)"
S02457,"(tensor(2),)"
S02458,"(tensor(2),)"
S02459,"(tensor(2),)"
S02460,"(tensor(2),)"
S02461,"(tensor(15),)"
S02462,"(tensor(3),)"
S02463,"(tensor(3),)"
S02464,"(tensor(3),)"
S02465,"(tensor(3),)"
S02466,"(tensor(3),)"
S02467,"(tensor(3),)"
S02468,"(tensor(3),)"
S02469,"(tensor(3),)"
S02470,"(tensor(2),)"
S02471,"(tensor(2),)"
S02472,"(tensor(2),)"
S02473,"(tensor(2),)"
S02474,"(tensor(2),)"
S02475,"(tensor(2),)"
S02476,"(tensor(2),)"
S02477,"(tensor(2),)"
S02478,"(tensor(2),)"
S02479,"(tensor(2),)"
S02480,"(tensor(2),)"
S02481,"(tensor(15),)"
S02482,"(tensor(3),)"
S02483,"(tensor(3),)"
S02484,"(tensor(3),)"
S02485,"(tensor(3),)"
S02486,"(tensor(3),)"
S02487,"(tensor(3),)"
S02488,"(tensor(3),)"
S02489,"(tensor(3),)"
S02490,"(tensor(2),)"
S02491,"(tensor(2),)"
S02492,"(tensor(2),)"
S02493,"(tensor(2),)"
S02494,"(tensor(2),)"
S02495,"(tensor(2),)"
S02496,"(tensor(2),)"
S02497,"(tensor(2),)"
S02498,"(tensor(2),)"
S02499,"(tensor(2),)"
S02500,"(tensor(2),)"
S02501,"(tensor(15),)"
S02502,"(tensor(11),)"
S02503,"(tensor(4),)"
S02504,"(tensor(3),)"
S02505,"(tensor(3),)"
S02506,"(tensor(3),)"
S02507,"(tensor(3),)"
S02508,"(tensor(3),)"
S02509,"(tensor(3),)"
S02510,"(tensor(3),)"
S02511,"(tensor(3),)"
S02512,"(tensor(3),)"
S02513,"(tensor(3),)"
S02514,"(tensor(3),)"
S02515,"(tensor(3),)"
S02516,"(tensor(3),)"
S02517,"(tensor(3),)"
S02518,"(tensor(2),)"
S02519,"(tensor(2),)"
S02520,"(tensor(2),)"
S02521,"(tensor(15),)"
S02522,"(tensor(3),)"
S02523,"(tensor(3),)"
S02524,"(tensor(3),)"
S02525,"(tensor(3),)"
S02526,"(tensor(3),)"
S02527,"(tensor(3),)"
S02528,"(tensor(3),)"
S02529,"(tensor(2),)"
S02530,"(tensor(2),)"
S02531,"(tensor(2),)"
S02532,"(tensor(2),)"
S02533,"(tensor(2),)"
S02534,"(tensor(2),)"
S02535,"(tensor(2),)"
S02536,"(tensor(2),)"
S02537,"(tensor(2),)"
S02538,"(tensor(2),)"
S02539,"(tensor(2),)"
S02540,"(tensor(2),)"
S02541,"(tensor(15),)"
S02542,"(tensor(3),)"
S02543,"(tensor(3),)"
S02544,"(tensor(3),)"
S02545,"(tensor(3),)"
S02546,"(tensor(3),)"
S02547,"(tensor(3),)"
S02548,"(tensor(3),)"
S02549,"(tensor(3),)"
S02550,"(tensor(2),)"
S02551,"(tensor(2),)"
S02552,"(tensor(2),)"
S02553,"(tensor(2),)"
S02554,"(tensor(2),)"
S02555,"(tensor(2),)"
S02556,"(tensor(2),)"
S02557,"(tensor(2),)"
S02558,"(tensor(2),)"
S02559,"(tensor(2),)"
S02560,"(tensor(2),)"
